claim_amount,previous_claim_count,days_since_last_claim,claim_category,risk_label
77418.21,0,880,HEALTH,NORMAL
43943.96,3,478,AUTO,NORMAL
85873.93,5,985,LIFE,REVIEW
69767.07,10,762,HOME,REVIEW
9508.32,8,651,AUTO,NORMAL
97564.67,8,904,AUTO,REVIEW
76137.86,5,516,HEALTH,REVIEW
78627.82,1,721,AUTO,NORMAL
12898.55,4,285,HOME,NORMAL
45093.56,10,964,LIFE,NORMAL
37142.72,0,624,AUTO,NORMAL
92683.82,9,783,AUTO,REVIEW
64422.13,7,461,LIFE,NORMAL
82293.89,3,867,HOME,NORMAL
44397.08,8,75,AUTO,REVIEW
22801.15,9,115,LIFE,NORMAL
55503.02,0,508,LIFE,NORMAL
6475.34,1,733,HOME,NORMAL
82780.35,7,810,HEALTH,REVIEW
63203.27,10,441,AUTO,REVIEW
75832.97,0,650,AUTO,NORMAL
35517.14,7,554,HOME,NORMAL
97072.73,1,962,AUTO,NORMAL
89322.8,7,655,HEALTH,REVIEW
77860.51,6,417,HEALTH,REVIEW
19544.41,0,970,AUTO,NORMAL
46725.43,7,108,HOME,REVIEW
4476.0,9,985,AUTO,NORMAL
15513.52,9,155,LIFE,NORMAL
68336.59,0,289,AUTO,REVIEW
74501.74,2,822,HEALTH,REVIEW
96754.22,2,734,HOME,REVIEW
32649.95,4,971,HOME,NORMAL
37108.92,1,750,HEALTH,NORMAL
47008.63,9,638,HEALTH,REVIEW
19028.19,8,347,HOME,NORMAL
13079.16,8,5,HEALTH,NORMAL
47622.92,2,124,LIFE,NORMAL
22768.24,0,298,HOME,NORMAL
67014.42,10,41,HOME,REVIEW
43771.48,3,509,AUTO,NORMAL
83284.55,7,778,HEALTH,REVIEW
70056.48,10,964,HOME,REVIEW
31305.43,0,490,HOME,NORMAL
83242.75,0,876,AUTO,REVIEW
80495.96,0,986,LIFE,NORMAL
38809.09,1,860,HOME,NORMAL
28903.98,0,465,HEALTH,NORMAL
68281.3,9,326,AUTO,REVIEW
14061.27,6,978,LIFE,NORMAL
20070.83,10,242,AUTO,NORMAL
835.49,8,412,AUTO,NORMAL
78713.75,10,75,LIFE,REVIEW
66518.6,2,794,LIFE,NORMAL
70546.02,3,650,AUTO,NORMAL
78094.83,9,85,HOME,REVIEW
45945.69,2,222,HEALTH,NORMAL
56917.25,0,556,LIFE,NORMAL
14065.72,7,541,HOME,NORMAL
11541.55,8,803,HOME,NORMAL
66873.46,10,267,HEALTH,REVIEW
47162.51,10,925,HEALTH,REVIEW
56567.09,1,445,HEALTH,NORMAL
76523.39,8,823,HOME,REVIEW
63508.36,9,239,AUTO,REVIEW
55402.58,7,37,LIFE,REVIEW
55964.8,9,56,LIFE,REVIEW
30464.61,9,373,HEALTH,NORMAL
3178.7,4,954,AUTO,NORMAL
43728.07,0,49,AUTO,NORMAL
21537.01,5,369,HEALTH,NORMAL
40912.01,2,110,AUTO,NORMAL
85354.97,1,932,LIFE,NORMAL
23470.55,1,676,HOME,NORMAL
5924.44,7,763,HEALTH,NORMAL
28210.25,5,714,LIFE,NORMAL
29430.02,5,658,HOME,NORMAL
66225.46,8,774,AUTO,REVIEW
55747.51,6,9,HEALTH,REVIEW
78411.43,6,866,HOME,NORMAL
66464.92,0,740,HOME,NORMAL
40698.05,9,740,HEALTH,NORMAL
81420.64,4,394,LIFE,NORMAL
16780.59,1,801,HOME,NORMAL
2368.94,8,382,AUTO,NORMAL
9095.78,8,49,HOME,NORMAL
72263.7,0,908,HOME,NORMAL
46241.54,2,235,AUTO,REVIEW
16211.05,0,102,AUTO,NORMAL
50154.37,2,622,HEALTH,NORMAL
15315.98,1,234,AUTO,NORMAL
69662.41,7,859,LIFE,NORMAL
44671.01,5,444,AUTO,REVIEW
38164.02,10,5,AUTO,REVIEW
30221.06,8,952,HEALTH,NORMAL
63065.23,6,515,LIFE,NORMAL
36245.08,5,263,AUTO,REVIEW
8856.23,0,678,AUTO,NORMAL
11888.79,0,531,AUTO,NORMAL
96193.58,6,30,HOME,REVIEW
90867.21,0,760,HOME,NORMAL
70000.74,0,402,AUTO,NORMAL
26660.41,2,700,AUTO,NORMAL
96920.72,9,896,HOME,REVIEW
77897.22,5,611,LIFE,NORMAL
71717.33,7,672,HEALTH,REVIEW
44991.21,4,255,HOME,NORMAL
27296.93,1,238,AUTO,NORMAL
9729.46,4,416,AUTO,NORMAL
90269.98,1,853,AUTO,REVIEW
45632.05,8,525,HEALTH,NORMAL
20316.1,2,349,LIFE,NORMAL
30665.07,4,780,LIFE,NORMAL
57964.03,10,854,LIFE,REVIEW
17759.6,6,903,LIFE,NORMAL
85675.77,5,299,LIFE,REVIEW
75876.1,5,710,AUTO,REVIEW
71974.35,8,591,AUTO,REVIEW
43266.09,2,449,AUTO,NORMAL
62768.15,7,397,HOME,REVIEW
58451.39,9,115,AUTO,REVIEW
65019.68,6,275,HEALTH,REVIEW
8535.99,4,550,HEALTH,NORMAL
41639.16,1,887,HOME,NORMAL
4257.26,2,867,AUTO,NORMAL
49449.68,10,188,AUTO,REVIEW
33053.14,5,680,AUTO,NORMAL
14537.97,3,85,LIFE,NORMAL
10429.96,4,676,HOME,NORMAL
58805.69,6,342,HEALTH,NORMAL
17142.24,5,450,AUTO,NORMAL
92519.5,7,718,HOME,REVIEW
58148.01,2,425,HOME,NORMAL
34752.29,7,808,HEALTH,NORMAL
59132.46,4,534,HEALTH,NORMAL
2378.11,10,999,AUTO,NORMAL
95860.07,1,639,LIFE,NORMAL
48282.11,1,297,AUTO,NORMAL
78295.25,5,776,LIFE,NORMAL
8364.73,5,408,AUTO,NORMAL
48717.17,7,535,AUTO,REVIEW
49121.63,4,137,HEALTH,NORMAL
93788.86,10,120,AUTO,REVIEW
57215.63,5,575,HOME,NORMAL
47401.59,1,187,HOME,NORMAL
26770.87,1,998,AUTO,NORMAL
33223.74,10,856,HEALTH,NORMAL
52115.17,1,701,LIFE,NORMAL
43947.25,10,735,LIFE,NORMAL
2259.05,3,596,AUTO,NORMAL
82646.56,1,61,HOME,REVIEW
89626.46,3,393,AUTO,REVIEW
14110.88,6,496,AUTO,NORMAL
55448.21,4,916,AUTO,NORMAL
10946.72,8,220,LIFE,NORMAL
67256.79,6,497,LIFE,REVIEW
28195.26,4,345,HEALTH,NORMAL
65976.32,6,135,HOME,REVIEW
72726.76,10,104,HOME,REVIEW
76887.88,4,366,HOME,NORMAL
10863.32,1,83,HOME,NORMAL
91609.58,4,68,HOME,REVIEW
23098.38,9,351,AUTO,REVIEW
3837.51,2,202,AUTO,NORMAL
55529.76,10,555,LIFE,NORMAL
37155.14,6,18,HOME,NORMAL
82996.0,6,302,LIFE,NORMAL
80844.32,3,454,AUTO,REVIEW
31782.18,10,964,HOME,NORMAL
95294.65,0,635,AUTO,REVIEW
29162.69,3,881,AUTO,NORMAL
51554.21,4,344,AUTO,REVIEW
25670.91,5,450,AUTO,NORMAL
93610.75,5,421,LIFE,REVIEW
16544.32,1,888,AUTO,NORMAL
4586.57,2,960,HEALTH,NORMAL
43566.2,1,963,HOME,NORMAL
99238.32,6,752,HOME,REVIEW
89178.56,3,504,HOME,REVIEW
74885.94,6,541,AUTO,REVIEW
89090.17,6,981,LIFE,NORMAL
89355.32,7,285,HEALTH,REVIEW
51933.95,6,347,HEALTH,REVIEW
31661.31,7,897,HOME,NORMAL
77224.04,6,387,AUTO,REVIEW
66199.96,7,236,LIFE,REVIEW
37428.41,6,561,AUTO,NORMAL
9537.22,3,326,AUTO,NORMAL
74704.28,2,891,AUTO,NORMAL
26319.81,8,910,HEALTH,NORMAL
93687.63,3,307,HEALTH,REVIEW
24172.96,6,530,HEALTH,NORMAL
12363.52,2,984,HEALTH,NORMAL
83128.16,4,743,AUTO,REVIEW
15413.1,5,216,LIFE,NORMAL
18008.9,6,591,HOME,NORMAL
59978.34,5,620,HEALTH,NORMAL
87468.75,3,654,AUTO,REVIEW
19723.82,10,26,LIFE,NORMAL
31101.33,5,300,AUTO,NORMAL
77762.74,8,855,AUTO,REVIEW
97185.46,8,242,HOME,REVIEW
50124.04,6,300,AUTO,NORMAL
14475.36,9,323,AUTO,REVIEW
1492.24,1,178,HEALTH,NORMAL
23042.64,10,156,HOME,REVIEW
13269.04,9,348,LIFE,NORMAL
67798.1,5,875,AUTO,REVIEW
12271.07,8,2,HEALTH,NORMAL
50682.36,5,284,HOME,NORMAL
69456.82,2,61,HEALTH,REVIEW
58153.55,8,562,HOME,REVIEW
20057.59,2,251,HOME,NORMAL
80432.04,3,792,LIFE,NORMAL
71569.17,5,586,AUTO,REVIEW
73924.5,9,784,AUTO,REVIEW
13192.67,4,635,HEALTH,NORMAL
12463.0,5,439,HEALTH,NORMAL
92763.5,0,861,AUTO,NORMAL
39818.06,1,477,HOME,NORMAL
30164.77,0,950,LIFE,NORMAL
48909.55,0,995,HEALTH,NORMAL
66320.13,9,590,LIFE,REVIEW
95566.76,9,675,HOME,REVIEW
28715.98,9,256,HEALTH,REVIEW
92488.36,0,815,AUTO,NORMAL
2583.46,0,672,LIFE,NORMAL
55564.28,3,903,HOME,NORMAL
63434.11,6,268,HEALTH,REVIEW
10679.15,3,788,HOME,NORMAL
14119.93,5,471,HOME,NORMAL
41969.52,1,186,HEALTH,NORMAL
96626.57,8,172,HOME,REVIEW
59644.65,3,563,LIFE,NORMAL
93309.02,0,320,HOME,REVIEW
80455.66,8,102,HEALTH,REVIEW
46791.42,9,428,AUTO,REVIEW
78497.87,0,653,HOME,NORMAL
1881.89,4,319,HOME,NORMAL
11003.49,9,956,AUTO,NORMAL
82959.92,7,780,AUTO,REVIEW
79702.03,9,513,HEALTH,REVIEW
23340.81,4,935,HEALTH,NORMAL
53123.88,4,433,HEALTH,REVIEW
60640.98,7,140,AUTO,REVIEW
86787.12,1,36,AUTO,REVIEW
60350.41,2,939,AUTO,NORMAL
41315.9,6,960,HEALTH,NORMAL
37480.99,7,740,LIFE,NORMAL
42645.62,1,104,AUTO,NORMAL
65227.91,5,294,HEALTH,REVIEW
86762.31,4,42,AUTO,REVIEW
45444.3,5,52,AUTO,REVIEW
24859.17,10,247,AUTO,REVIEW
23742.57,0,573,AUTO,NORMAL
74626.83,10,66,HEALTH,REVIEW
81675.22,4,985,LIFE,NORMAL
10617.28,8,456,AUTO,NORMAL
6749.23,4,264,HOME,NORMAL
59483.92,3,517,HEALTH,REVIEW
14702.71,8,791,LIFE,NORMAL
82483.95,7,313,HEALTH,REVIEW
31102.43,1,48,AUTO,NORMAL
14472.81,7,51,HEALTH,NORMAL
92104.95,8,852,AUTO,REVIEW
16636.62,4,112,LIFE,NORMAL
28543.54,10,636,HOME,NORMAL
15445.98,7,385,HEALTH,NORMAL
11637.46,3,778,AUTO,NORMAL
2212.69,0,61,HOME,NORMAL
5634.0,7,898,LIFE,NORMAL
17546.68,2,699,HEALTH,NORMAL
5432.86,8,450,HOME,NORMAL
59155.27,5,208,LIFE,NORMAL
68103.38,5,978,LIFE,NORMAL
39423.68,1,303,AUTO,NORMAL
31867.31,7,491,HOME,NORMAL
50502.17,1,395,HOME,NORMAL
87512.99,4,231,HEALTH,REVIEW
85128.05,9,417,AUTO,REVIEW
4443.16,10,152,AUTO,NORMAL
18231.69,10,2,LIFE,NORMAL
23750.81,10,290,LIFE,REVIEW
25013.82,6,113,HEALTH,REVIEW
57166.14,2,415,LIFE,NORMAL
41684.62,9,863,HEALTH,NORMAL
5020.49,8,163,HEALTH,NORMAL
37424.05,10,2,HEALTH,REVIEW
52422.92,7,112,HOME,REVIEW
10257.02,1,509,HOME,NORMAL
83362.51,5,275,AUTO,REVIEW
5290.99,4,490,HEALTH,NORMAL
92491.7,9,30,AUTO,REVIEW
10001.4,4,334,AUTO,NORMAL
84373.14,3,411,HOME,REVIEW
90275.05,0,432,HOME,NORMAL
97959.11,9,552,AUTO,REVIEW
80222.39,8,781,HEALTH,REVIEW
77969.81,0,468,LIFE,NORMAL
64284.08,4,842,AUTO,NORMAL
77921.74,5,530,AUTO,REVIEW
13541.77,5,261,AUTO,NORMAL
53653.2,10,230,HEALTH,REVIEW
51470.86,1,323,HEALTH,NORMAL
85771.46,3,598,AUTO,REVIEW
46333.66,1,243,HEALTH,NORMAL
38570.44,2,915,AUTO,NORMAL
63992.37,9,480,HOME,REVIEW
26719.69,10,864,LIFE,NORMAL
14062.86,0,684,AUTO,NORMAL
47839.94,6,334,AUTO,REVIEW
41747.25,2,229,HOME,NORMAL
23333.74,2,744,HEALTH,NORMAL
36814.43,3,331,LIFE,NORMAL
36702.61,2,247,LIFE,NORMAL
32816.81,5,931,AUTO,NORMAL
38008.46,10,483,AUTO,REVIEW
68605.76,6,49,HEALTH,REVIEW
29757.96,7,495,AUTO,NORMAL
94890.91,5,461,LIFE,REVIEW
91643.17,0,864,HEALTH,NORMAL
48142.95,0,712,AUTO,NORMAL
32903.28,2,192,HEALTH,NORMAL
53589.94,2,151,AUTO,NORMAL
84871.19,9,604,HOME,REVIEW
65293.48,9,48,HOME,REVIEW
80458.74,9,320,HOME,REVIEW
53318.96,7,139,HEALTH,REVIEW
63328.47,6,21,HEALTH,REVIEW
28886.75,7,919,LIFE,NORMAL
73515.83,4,90,LIFE,NORMAL
20320.22,7,10,HOME,NORMAL
69510.33,8,933,AUTO,REVIEW
86085.83,8,189,HEALTH,REVIEW
13297.07,6,817,LIFE,NORMAL
61476.54,0,32,AUTO,NORMAL
9600.07,7,154,HOME,NORMAL
72598.99,4,111,HOME,REVIEW
8540.87,8,707,AUTO,NORMAL
93600.39,5,621,HEALTH,REVIEW
13827.05,9,476,HOME,NORMAL
95892.14,3,242,HEALTH,REVIEW
80108.33,10,89,HEALTH,REVIEW
59408.83,9,570,HEALTH,REVIEW
78284.15,3,231,HOME,REVIEW
79531.97,5,591,AUTO,REVIEW
94608.1,5,688,HEALTH,REVIEW
25413.0,8,850,HEALTH,NORMAL
59048.58,7,494,HOME,REVIEW
9595.41,9,5,LIFE,NORMAL
61654.95,4,281,AUTO,NORMAL
17212.0,5,854,LIFE,NORMAL
56538.57,4,534,AUTO,NORMAL
57285.81,10,620,AUTO,REVIEW
46651.92,3,458,HOME,NORMAL
52310.91,6,163,AUTO,NORMAL
76415.95,1,897,AUTO,NORMAL
79944.55,9,773,AUTO,REVIEW
49266.11,4,996,HOME,NORMAL
59999.38,3,856,HEALTH,NORMAL
93130.5,6,292,AUTO,REVIEW
12061.39,5,255,HEALTH,NORMAL
11798.65,9,249,HEALTH,REVIEW
8862.13,5,919,AUTO,NORMAL
65820.54,5,557,AUTO,NORMAL
41918.97,1,455,LIFE,NORMAL
77454.71,0,969,HEALTH,NORMAL
67156.02,4,604,HOME,NORMAL
33430.41,10,910,HEALTH,REVIEW
89846.82,10,985,AUTO,REVIEW
76276.96,6,80,HOME,REVIEW
27126.44,6,362,HEALTH,NORMAL
36482.78,4,735,AUTO,NORMAL
31512.55,1,814,HEALTH,NORMAL
15845.4,0,149,HOME,NORMAL
14863.56,3,319,HEALTH,NORMAL
93619.13,3,549,HOME,REVIEW
43846.61,2,800,HOME,NORMAL
38393.65,2,113,AUTO,NORMAL
72995.6,0,601,AUTO,NORMAL
55344.01,6,297,HEALTH,REVIEW
93620.38,10,217,AUTO,REVIEW
78052.12,7,516,AUTO,REVIEW
47989.02,4,415,AUTO,NORMAL
37698.31,4,636,AUTO,NORMAL
98664.49,3,318,HEALTH,REVIEW
71804.25,1,824,HOME,NORMAL
95124.35,6,79,LIFE,REVIEW
11936.01,6,862,AUTO,NORMAL
85068.31,0,30,HEALTH,REVIEW
63743.68,4,736,HOME,NORMAL
12279.98,3,347,HOME,NORMAL
58866.97,1,384,LIFE,NORMAL
68641.03,7,20,LIFE,REVIEW
1329.04,5,703,LIFE,NORMAL
45486.36,6,166,AUTO,REVIEW
82557.41,7,660,AUTO,REVIEW
29606.37,10,726,HEALTH,NORMAL
45908.95,8,846,AUTO,NORMAL
44287.18,6,709,HEALTH,NORMAL
